{"train_loss":0.49926918745040894,"_timestamp":1.7732793488794546e+09,"_step":248,"lr":7.66355140186916e-05,"batch_size":3,"_wandb":{"runtime":46},"_runtime":46}